time,setpoint,set-err,filteredRawForce,commandedActuatorPos,measuredActuatorPos,TrialCounter
256,22.36,30.31,252.00,0
252,110.53,123.67,253.00,0
254,207.37,216.99,253.00,0
253,262.34,265.77,253.00,0
253,273.65,273.06,253.00,0
253,263.89,262.34,253.00,0
255,253.44,252.60,253.00,0
255,249.74,249.69,253.00,0
252,250.81,251.07,253.00,0
255,252.85,253.08,253.00,0
255,254.37,254.50,253.00,0
255,254.86,254.82,253.00,0
253,254.28,254.18,254.00,0
254,253.44,253.36,253.00,0
252,253.24,253.28,253.00,0
255,253.64,253.69,254.00,0
255,253.94,253.95,254.00,0
254,253.95,253.95,254.00,0
252,254.10,254.14,254.00,0
252,254.12,254.06,254.00,0
255,253.55,253.50,254.00,0
253,253.54,253.58,254.00,0
252,253.87,253.90,254.00,0
255,253.80,253.75,254.00,0
252,253.54,253.54,254.00,0
255,253.69,253.73,254.00,0
252,254.08,254.12,254.00,0
252,253.95,253.87,254.00,0
252,253.11,252.99,254.00,0
253,252.44,252.43,254.00,0
254,252.75,252.84,254.00,0
252,253.52,253.59,254.00,0
253,253.61,253.55,253.00,0
251,252.96,252.84,253.00,0
251,251.94,251.80,253.00,0
254,251.03,251.01,253.00,0
252,251.47,251.59,253.00,0
253,252.39,252.48,253.00,0
253,252.92,252.95,253.00,0
252,253.05,253.06,253.00,0
252,252.99,252.95,253.00,0
255,252.65,252.62,253.00,0
one,0
63847,0.00,0.00,253.00,0,0,0
63878,0.00,0.00,253.00,0,0
63909,0.00,0.00,253.00,0,0
63939,0.00,0.00,253.00,0,0
63970,0.00,0.00,253.00,0,0
64001,0.00,0.00,253.00,0,0
64032,0.00,0.00,253.00,0,0
64063,0.00,0.00,253.00,0,0
64093,0.00,0.00,253.00,0,0
64124,0.00,0.00,253.00,0,0
64155,0.00,0.00,253.00,0,0
64186,0.00,0.00,253.00,0,0
64217,0.00,0.00,253.00,0,0
64247,0.00,0.00,253.00,0,0
64278,0.00,0.00,253.00,0,0
64309,0.00,0.00,253.00,0,0,0
64340,0.00,0.00,253.00,0,0
64371,0.00,0.00,253.00,0,0,0
64401,0.00,0.00,253.00,0,0
64432,0.00,0.00,253.00,0,0
64463,0.00,0.00,253.00,0,0
64494,0.00,0.00,253.00,0,0
64525,0.00,0.00,253.00,0,0
64555,0.00,0.00,253.00,0,0
64586,0.00,0.00,253.00,0,0
64617,0.00,0.00,253.00,0,0
64648,0.00,0.00,253.00,0,0
64679,0.00,0.09,254.00,0,0
64710,0.00,0.09,254.00,0,0
64741,0.00,0.09,254.00,0,0
64771,0.00,0.09,254.00,0,0
64802,0.00,0.09,254.00,0,0
64833,0.00,0.09,254.00,0,0,0
64864,0.00,0.09,254.00,0,0
64895,0.00,0.09,254.00,0,0,0
64926,0.00,0.09,254.00,0,0
64956,0.00,0.09,254.00,0,0
64987,0.00,0.09,254.00,0,0
65018,0.00,0.09,254.00,0,0
65049,0.00,0.09,254.00,0,0
65080,0.00,0.09,254.00,0,0
65110,0.00,0.09,254.00,0,0
65141,0.00,0.09,254.00,0,0
65172,0.00,0.09,254.00,0,0
65203,0.00,0.09,254.00,0,0
65234,0.00,0.09,254.00,0,0
65265,0.00,0.09,254.00,0,0
65295,0.00,0.09,254.00,0,0
65326,0.00,0.09,254.00,0,0
65357,0.00,0.09,254.00,0,0,0
65388,0.00,0.09,254.00,0,0
65419,0.00,0.09,254.00,0,0,0
65450,0.00,0.09,254.00,0,0
65480,0.00,0.09,254.00,0,0
65511,0.00,0.09,254.00,0,0
65542,0.00,0.09,254.00,0,0
65573,0.00,0.09,254.00,0,0
65604,0.00,0.09,254.00,0,0
65634,0.00,0.09,254.00,0,0
65665,0.00,0.09,254.00,0,0
65696,0.00,0.09,254.00,0,0
65727,0.00,0.09,254.00,0,0
65758,0.00,0.09,254.00,0,0
65789,0.00,0.09,254.00,0,0
65819,0.00,0.09,254.00,0,0,0
65850,0.00,0.09,254.00,0,0
65881,0.00,0.09,254.00,0,0,0
65912,0.00,0.09,254.00,0,0
65943,0.00,0.09,254.00,0,0,0
65974,0.00,0.09,254.00,0,0
66004,0.00,0.09,254.00,0,0
66035,0.00,0.09,254.00,0,0
66066,0.00,0.09,254.00,0,0
66097,0.00,0.09,254.00,0,0
66128,0.00,0.09,254.00,0,0
66159,0.00,0.09,254.00,0,0
66189,0.00,0.09,254.00,0,0
66220,0.00,0.09,254.00,0,0
66251,0.00,0.09,254.00,0,0
66282,0.00,0.09,254.00,0,0
66313,0.00,0.09,254.00,0,0
66344,0.00,0.09,254.00,0,0,0
66374,0.00,0.09,254.00,0,0
66405,0.00,0.09,254.00,0,0,0
66436,0.00,0.09,254.00,0,0
66467,0.00,0.09,254.00,0,0
66498,0.00,0.09,254.00,0,0
66528,0.00,0.09,254.00,0,0
66559,0.00,0.09,254.00,0,0
66590,0.00,0.09,254.00,0,0
66621,0.00,0.09,254.00,0,0
66652,0.00,0.09,254.00,0,0
66683,0.00,0.09,254.00,0,0
66713,0.00,0.09,254.00,0,0
66744,0.00,0.09,254.00,0,0
66775,0.00,0.09,254.00,0,0
66806,0.00,0.09,254.00,0,0
66837,0.00,0.09,254.00,0,0
66868,0.00,0.09,254.00,0,0,0
66898,0.00,0.09,254.00,0,0
66929,0.00,0.09,254.00,0,0,0
66960,0.00,0.09,254.00,0,0
66991,0.00,0.09,254.00,0,0
67022,0.00,0.09,254.00,0,0
67052,0.00,0.09,254.00,0,0
67083,0.00,0.09,254.00,0,0
67114,0.00,0.09,254.00,0,0
67145,0.00,0.09,254.00,0,0
67176,0.00,0.09,254.00,0,0
67207,0.00,0.09,254.00,0,0
67237,0.00,0.09,254.00,0,0
67268,0.00,0.09,254.00,0,0
67299,0.00,0.09,254.00,0,0
67330,0.00,0.09,254.00,0,0
67361,0.00,0.09,254.00,0,0
67391,0.00,0.09,254.00,0,0,0
67422,0.00,0.09,254.00,0,0
67453,0.00,0.09,254.00,0,0,0
67484,0.00,0.09,254.00,0,0
67515,0.00,0.09,254.00,0,0
67546,0.00,0.09,254.00,0,0
67576,0.00,0.09,254.00,0,0
67607,0.00,0.09,254.00,0,0
67638,0.00,0.09,254.00,0,0
67669,0.00,0.09,254.00,0,0
67700,0.00,0.09,254.00,0,0
67730,0.00,0.09,254.00,0,0
67761,0.00,0.09,254.00,0,0
67792,0.00,0.09,254.00,0,0
67823,0.00,0.09,254.00,0,0
67854,0.00,0.09,254.00,0,0,0
67885,0.00,0.09,254.00,0,0
67915,0.00,0.09,254.00,0,0,0
67946,0.00,0.09,254.00,0,0
67977,0.00,0.09,254.00,0,0,0
68008,0.00,0.09,254.00,0,0
68039,0.00,0.09,254.00,0,0
68070,0.00,0.09,254.00,0,0
68100,0.00,0.09,254.00,0,0
68131,0.00,0.09,254.00,0,0
68162,0.00,0.09,254.00,0,0
68193,0.00,0.09,254.00,0,0
68224,0.00,0.09,254.00,0,0
68254,0.00,0.09,254.00,0,0
68285,0.00,0.09,254.00,0,0
68316,0.00,0.09,254.00,0,0
68347,0.00,0.09,254.00,0,0
68378,0.00,0.09,254.00,0,0,0
68409,0.00,0.09,254.00,0,0
68439,0.00,0.09,254.00,0,0,0
68470,0.00,0.09,254.00,0,0
68501,0.00,0.09,254.00,0,0
68532,0.00,0.09,254.00,0,0
68563,0.00,0.09,254.00,0,0
68594,0.00,0.09,254.00,0,0
68624,0.00,0.09,254.00,0,0
68655,0.00,0.09,254.00,0,0
68686,0.00,0.09,254.00,0,0
68717,0.00,0.09,254.00,0,0
68748,0.00,0.09,254.00,0,0
68779,0.00,0.09,254.00,0,0
68809,0.00,0.09,254.00,0,0
68840,0.00,0.09,254.00,0,0
68871,0.00,0.09,254.00,0,0
68902,0.00,0.09,254.00,0,0,0
68933,0.00,0.09,254.00,0,0
68963,0.00,0.09,254.00,0,0,0
68994,0.00,0.09,254.00,0,0
69025,0.00,0.00,253.00,0,0
69056,0.00,0.00,253.00,0,0
69087,0.00,0.00,253.00,0,0
69118,0.00,0.00,253.00,0,0
69148,0.00,0.00,253.00,0,0
69179,0.00,0.00,253.00,0,0
69210,0.00,0.00,253.00,0,0
69241,0.00,0.00,253.00,0,0
69272,0.00,0.00,253.00,0,0
69303,0.00,0.00,253.00,0,0
69333,0.00,0.00,253.00,0,0
69364,0.00,0.00,253.00,0,0
69395,0.00,0.00,253.00,0,0
69426,0.00,0.00,253.00,0,0,0
69457,0.00,0.00,253.00,0,0
69488,0.00,0.00,253.00,0,0,0
69518,0.00,0.00,253.00,0,0
69549,0.00,0.00,253.00,0,0
69580,0.00,0.00,253.00,0,0
69611,0.00,0.00,253.00,0,0
69642,0.00,0.00,253.00,0,0
69672,0.00,0.00,253.00,0,0
69703,0.00,0.00,253.00,0,0
69734,0.00,0.00,253.00,0,0
69765,0.00,0.00,253.00,0,0
69796,0.00,0.00,253.00,0,0
69827,0.00,0.00,253.00,0,0
69857,0.00,0.00,253.00,0,0
69888,0.00,0.00,253.00,0,0,0
69919,0.00,0.00,253.00,0,0
69950,0.00,0.00,253.00,0,0,0
69981,0.00,0.00,253.00,0,0
70011,0.00,0.00,253.00,0,0,0
70042,0.00,0.00,253.00,0,0
70073,0.00,0.00,253.00,0,0
70104,0.00,0.00,253.00,0,0
70135,0.00,0.00,253.00,0,0
70166,0.00,0.00,253.00,0,0
70196,0.00,0.00,253.00,0,0
70227,0.00,0.00,253.00,0,0
70258,0.00,0.00,253.00,0,0
70289,0.00,0.00,253.00,0,0
70320,0.00,0.00,253.00,0,0
70351,0.00,0.00,253.00,0,0
70381,0.00,0.00,253.00,0,0
70412,0.00,0.00,253.00,0,0,0
70443,0.00,0.00,253.00,0,0
70474,0.00,0.00,253.00,0,0,0
70505,0.00,0.00,253.00,0,0
70536,0.00,0.00,253.00,0,0,0
70566,0.00,0.00,253.00,0,0
70597,0.00,0.00,253.00,0,0
70628,0.00,0.00,253.00,0,0
70659,0.00,0.00,253.00,0,0
70690,0.00,0.00,253.00,0,0
70720,0.00,0.00,253.00,0,0
70751,0.00,0.00,253.00,0,0
70782,0.00,0.00,253.00,0,0
70813,0.00,0.00,253.00,0,0
70844,0.00,0.00,253.00,0,0
70875,0.00,0.00,253.00,0,0
70905,0.00,0.00,253.00,0,0
70936,0.00,0.00,253.00,0,0,0
70967,0.00,0.00,253.00,0,0
70998,0.00,0.00,253.00,0,0,0
71029,0.00,0.00,253.00,0,0
71060,0.00,0.00,253.00,0,0
71090,0.00,0.00,253.00,0,0
71121,0.00,0.00,253.00,0,0
71152,0.00,0.00,253.00,0,0
71183,0.00,0.00,253.00,0,0
71214,0.00,0.00,253.00,0,0
71245,0.00,0.00,253.00,0,0
71275,0.00,0.00,253.00,0,0
71306,0.00,0.00,253.00,0,0
71337,0.00,0.00,253.00,0,0
71368,0.00,0.00,253.00,0,0
71399,0.00,0.00,253.00,0,0
71429,0.00,0.00,253.00,0,0
71460,0.00,0.00,253.00,0,0,0
71491,0.00,0.00,253.00,0,0
71522,0.00,0.00,253.00,0,0,0
71553,0.00,0.00,253.00,0,0
71584,0.00,0.00,253.00,0,0
71614,0.00,0.00,253.00,0,0
71645,0.00,0.00,253.00,0,0
71676,0.00,0.00,253.00,0,0
71707,0.00,0.00,253.00,0,0
71738,0.00,0.00,253.00,0,0
71769,0.00,0.00,253.00,0,0
71799,0.00,0.00,253.00,0,0
71830,0.00,0.00,253.00,0,0
71861,0.00,0.00,253.00,0,0
71892,0.00,0.00,253.00,0,0
71923,0.00,0.00,253.00,0,0,0
71954,0.00,0.00,253.00,0,0
71984,0.00,0.00,253.00,0,0,0
72015,0.00,0.00,253.00,0,0
72046,0.00,0.00,253.00,0,0
72077,0.00,0.00,253.00,0,0
72108,0.00,0.00,253.00,0,0
72138,0.00,0.00,253.00,0,0
72169,0.00,0.00,253.00,0,0
72200,0.00,0.00,253.00,0,0
72231,0.00,0.00,253.00,0,0
72262,0.00,0.00,253.00,0,0
72293,0.00,0.00,253.00,0,0
72323,0.00,0.00,253.00,0,0
72354,0.00,0.00,253.00,0,0
72385,0.00,0.00,253.00,0,0
72416,0.00,0.00,253.00,0,0
72447,0.00,0.00,253.00,0,0,0
72478,0.00,0.09,254.00,0,0
72508,0.00,0.09,254.00,0,0,0
72539,0.00,0.09,254.00,0,0
72570,0.00,0.09,254.00,0,0
72601,0.00,0.09,254.00,0,0
72632,0.00,0.09,254.00,0,0
72662,0.00,0.09,254.00,0,0
72693,0.00,0.09,254.00,0,0
72724,0.00,0.09,254.00,0,0
72755,0.00,0.09,254.00,0,0
72786,0.00,0.09,254.00,0,0
72817,0.00,0.09,254.00,0,0
72847,0.00,0.09,254.00,0,0
72878,0.00,0.09,254.00,0,0
72909,0.00,0.09,254.00,0,0
72940,0.00,0.09,254.00,0,0
72971,0.00,0.09,254.00,0,0,0
73001,0.00,0.09,254.00,0,0
73032,0.00,0.09,254.00,0,0,0
73063,0.00,0.09,254.00,0,0
73094,0.00,0.09,254.00,0,0
73125,0.00,0.09,254.00,0,0
73156,0.00,0.09,254.00,0,0
73186,0.00,0.09,254.00,0,0
73217,0.00,0.18,255.00,0,0
73248,0.00,0.18,255.00,0,0
73279,0.00,0.18,255.00,0,0
73310,0.00,0.18,255.00,0,0
73341,0.00,0.18,255.00,0,0
73371,0.00,0.18,255.00,0,0
73402,0.00,0.18,255.00,0,0
73433,0.00,0.18,255.00,0,0
73464,0.00,0.18,255.00,0,0
73495,0.00,0.18,255.00,0,0,0
73525,0.00,0.18,255.00,0,0
73556,0.00,0.18,255.00,0,0,0
73587,0.00,0.18,255.00,0,0
73618,0.00,0.18,255.00,0,0
73649,0.00,0.26,256.00,0,0
73680,0.00,0.26,256.00,0,0
73710,0.00,0.26,256.00,0,0
73741,0.00,0.26,256.00,0,0
73772,0.00,0.26,256.00,0,0
73803,0.00,0.26,256.00,0,0
73834,0.00,0.26,256.00,0,0
73864,0.00,0.26,256.00,0,0
73895,0.00,0.26,256.00,0,0
73926,0.00,0.26,256.00,0,0
73957,0.00,0.26,256.00,0,0,0
73988,0.00,0.26,256.00,0,0
74019,0.00,0.26,256.00,0,0,0
74049,0.00,0.26,256.00,0,0
74080,0.00,0.26,256.00,0,0,0
74111,0.00,0.26,256.00,0,0
74142,0.00,0.26,256.00,0,0
74173,0.00,0.26,256.00,0,0
74204,0.00,0.26,256.00,0,0
74234,0.00,0.26,256.00,0,0
74265,0.00,0.26,256.00,0,0
74296,0.00,0.26,256.00,0,0
74327,0.00,0.26,256.00,0,0
74358,0.00,0.26,256.00,0,0
74389,0.00,0.26,256.00,0,0
74419,0.00,0.26,256.00,0,0
74450,0.00,0.26,256.00,0,0
74481,0.00,0.26,256.00,0,0,0
74512,0.00,0.35,257.00,0,0
74543,0.00,0.35,257.00,0,0,0
74573,0.00,0.35,257.00,0,0
74604,0.00,0.26,256.00,0,0
74635,0.00,0.26,256.00,0,0
74666,0.00,0.26,256.00,0,0
74697,0.00,0.26,256.00,0,0
74728,0.00,0.26,256.00,0,0
74758,0.00,0.26,256.00,0,0
74789,0.00,0.26,256.00,0,0
74820,0.00,0.26,256.00,0,0
74851,0.00,0.26,256.00,0,0
74882,0.00,0.26,256.00,0,0
74912,0.00,0.26,256.00,0,0
74943,0.00,0.26,256.00,0,0,0
74974,0.00,0.26,256.00,0,0
75005,0.00,0.26,256.00,0,0,0
75036,0.00,0.26,256.00,0,0
75067,0.00,0.26,256.00,0,0,0
75097,0.00,0.26,256.00,0,0
75128,0.00,0.26,256.00,0,0
75159,0.00,0.26,256.00,0,0
75190,0.00,0.26,256.00,0,0
75221,0.00,0.26,256.00,0,0
75251,0.00,0.26,256.00,0,0
75282,0.00,0.26,256.00,0,0
75313,0.00,0.26,256.00,0,0
75344,0.00,0.26,256.00,0,0
75375,0.00,0.26,256.00,0,0
75406,0.00,0.26,256.00,0,0
75436,0.00,0.26,256.00,0,0
75467,0.00,0.26,256.00,0,0
75498,0.00,0.26,256.00,0,0
75529,0.00,0.26,256.00,0,0,0
75560,0.00,0.35,257.00,0,0
75590,0.00,0.35,257.00,0,0,0
75621,0.00,0.35,257.00,0,0
75652,0.00,0.35,257.00,0,0
75683,0.00,0.35,257.00,0,0
75714,0.00,0.35,257.00,0,0
75745,0.00,0.35,257.00,0,0
75775,0.00,0.35,257.00,0,0
75806,0.00,0.35,257.00,0,0
75837,0.00,0.35,257.00,0,0
75868,0.00,0.35,257.00,0,0
75899,0.00,0.35,257.00,0,0
75929,0.00,0.35,257.00,0,0
75960,0.00,0.35,257.00,0,0
75991,0.00,0.35,257.00,0,0,0
76022,0.00,0.35,257.00,0,0
76053,0.00,0.35,257.00,0,0,0
76084,0.00,0.35,257.00,0,0
76115,0.00,0.35,257.00,0,0,0
76145,0.00,0.35,257.00,0,0
76176,0.00,0.35,257.00,0,0
76207,0.00,0.35,257.00,0,0
76238,0.00,0.26,256.00,0,0
76269,0.00,0.26,256.00,0,0
76299,0.00,0.26,256.00,0,0
76330,0.00,0.26,256.00,0,0
76361,0.00,0.26,256.00,0,0
76392,0.00,0.26,256.00,0,0
76423,0.00,0.26,256.00,0,0
76454,0.00,0.26,256.00,0,0
76484,0.00,0.26,256.00,0,0
76515,0.00,0.26,256.00,0,0,0
76546,0.00,0.26,256.00,0,0
76577,0.00,0.26,256.00,0,0,0
76608,0.00,0.26,256.00,0,0
76639,0.00,0.26,256.00,0,0
76669,0.00,0.26,256.00,0,0
76700,0.00,0.26,256.00,0,0
76731,0.00,0.26,256.00,0,0
76762,0.00,0.26,256.00,0,0
76793,0.00,0.26,256.00,0,0
76823,0.00,0.26,256.00,0,0
76854,0.00,0.26,256.00,0,0
76885,0.00,0.26,256.00,0,0
76916,0.00,0.26,256.00,0,0
76947,0.00,0.26,256.00,0,0
76978,0.00,0.26,256.00,0,0
77008,0.00,0.26,256.00,0,0
77039,0.00,0.26,256.00,0,0,0
77070,0.00,0.26,256.00,0,0
77101,0.00,0.26,256.00,0,0,0
77132,0.00,0.26,256.00,0,0
77162,0.00,0.26,256.00,0,0
77193,0.00,0.26,256.00,0,0
77224,0.00,0.26,256.00,0,0
77255,0.00,0.26,256.00,0,0
77286,0.00,0.26,256.00,0,0
77317,0.00,0.18,255.00,0,0
77347,0.00,0.18,255.00,0,0
77378,0.00,0.18,255.00,0,0
77409,0.00,0.26,256.00,0,0
77440,0.00,0.26,256.00,0,0
77471,0.00,0.26,256.00,0,0
77501,0.00,0.26,256.00,0,0
77532,0.00,0.26,256.00,0,0
77563,0.00,0.26,256.00,0,0,0
77594,0.00,0.26,256.00,0,0
77625,0.00,0.26,256.00,0,0,0
77656,0.00,0.26,256.00,0,0
77686,0.00,0.26,256.00,0,0
77717,0.00,0.26,256.00,0,0
77748,0.00,0.26,256.00,0,0
77779,0.00,0.26,256.00,0,0
77810,0.00,0.26,256.00,0,0
77840,0.00,0.26,256.00,0,0
77871,0.00,0.26,256.00,0,0
77902,0.00,0.26,256.00,0,0
77933,0.00,0.26,256.00,0,0
77964,0.00,0.26,256.00,0,0
77995,0.00,0.26,256.00,0,0
78025,0.00,0.26,256.00,0,0
78056,0.00,0.26,256.00,0,0
78087,0.00,0.35,257.00,0,0,0
78118,0.00,0.35,257.00,0,0
78149,0.00,0.35,257.00,0,0,0
78179,0.00,0.35,257.00,0,0
78210,0.00,0.35,257.00,0,0
78241,0.00,0.35,257.00,0,0
78272,0.00,0.35,257.00,0,0
78303,0.00,0.35,257.00,0,0
78334,0.00,0.35,257.00,0,0
78364,0.00,0.35,257.00,0,0
78395,0.00,0.35,257.00,0,0
78426,0.00,0.35,257.00,0,0
78457,0.00,0.35,257.00,0,0
78488,0.00,0.35,257.00,0,0
78518,0.00,0.35,257.00,0,0
78549,0.00,0.35,257.00,0,0,0
78580,0.00,0.35,257.00,0,0
78611,0.00,0.35,257.00,0,0,0
78642,0.00,0.35,257.00,0,0
78673,0.00,0.35,257.00,0,0,0
78703,0.00,0.35,257.00,0,0
78734,0.00,0.35,257.00,0,0
78765,0.00,0.35,257.00,0,0
78796,0.00,0.35,257.00,0,0
78827,0.00,0.35,257.00,0,0
78857,0.00,0.35,257.00,0,0
78888,0.00,0.35,257.00,0,0
78919,0.00,0.35,257.00,0,0
78950,0.00,0.35,257.00,0,0
78981,0.00,0.35,257.00,0,0
79012,0.00,0.35,257.00,0,0
79042,0.00,0.35,257.00,0,0
79073,0.00,0.35,257.00,0,0,0
79104,0.00,0.35,257.00,0,0
79135,0.00,0.35,257.00,0,0,0
79166,0.00,0.35,257.00,0,0
79196,0.00,0.35,257.00,0,0
79227,0.00,0.35,257.00,0,0
79258,0.00,0.35,257.00,0,0
79289,0.00,0.35,257.00,0,0
79320,0.00,0.35,257.00,0,0
79351,0.00,0.35,257.00,0,0
79382,0.00,0.35,257.00,0,0
79412,0.00,0.35,257.00,0,0
79443,0.00,0.35,257.00,0,0
79474,0.00,0.35,257.00,0,0
79505,0.00,0.35,257.00,0,0
79536,0.00,0.35,257.00,0,0
79566,0.00,0.26,256.00,0,0
79597,0.00,0.26,256.00,0,0,0
79628,0.00,0.26,256.00,0,0
79659,0.00,0.26,256.00,0,0,0
79690,0.00,0.26,256.00,0,0
79721,0.00,0.26,256.00,0,0
79751,0.00,0.26,256.00,0,0
79782,0.00,0.26,256.00,0,0
79813,0.00,0.26,256.00,0,0
79844,0.00,0.26,256.00,0,0
79875,0.00,0.26,256.00,0,0
79905,0.00,0.26,256.00,0,0
79936,0.00,0.26,256.00,0,0
79967,0.00,0.35,257.00,0,0
79998,0.00,0.35,257.00,0,0
80029,0.00,0.35,257.00,0,0
80060,0.00,0.35,257.00,0,0
80090,0.00,0.35,257.00,0,0
80121,0.00,0.35,257.00,0,0,0
80152,0.00,0.35,257.00,0,0
80183,0.00,0.26,256.00,0,0,0
80214,0.00,0.26,256.00,0,0
80244,0.00,0.26,256.00,0,0
80275,0.00,0.26,256.00,0,0
80306,0.00,0.26,256.00,0,0
80337,0.00,0.26,256.00,0,0
80368,0.00,0.26,256.00,0,0
80399,0.00,0.26,256.00,0,0
80429,0.00,0.26,256.00,0,0
80460,0.00,0.26,256.00,0,0
80491,0.00,0.26,256.00,0,0
80522,0.00,0.26,256.00,0,0
80553,0.00,0.26,256.00,0,0
80584,0.00,0.26,256.00,0,0,0
80614,0.00,0.26,256.00,0,0
80645,0.00,0.26,256.00,0,0,0
80676,0.00,0.26,256.00,0,0
80707,0.00,0.26,256.00,0,0,0
80738,0.00,0.26,256.00,0,0
80768,0.00,0.26,256.00,0,0
80799,0.00,0.26,256.00,0,0
80830,0.00,0.18,255.00,0,0
80861,0.00,0.18,255.00,0,0
80892,0.00,0.18,255.00,0,0
80923,0.00,0.18,255.00,0,0
80953,0.00,0.18,255.00,0,0
80984,0.00,0.18,255.00,0,0
81015,0.00,0.18,255.00,0,0
81046,0.00,0.18,255.00,0,0
81077,0.00,0.18,255.00,0,0
81108,0.00,0.18,255.00,0,0,0
81138,0.00,0.18,255.00,0,0
81169,0.00,0.18,255.00,0,0,0
81200,0.00,0.18,255.00,0,0
81231,0.00,0.18,255.00,0,0
81262,0.00,0.18,255.00,0,0
81292,0.00,0.18,255.00,0,0
81323,0.00,0.18,255.00,0,0
81354,0.00,0.18,255.00,0,0
81385,0.00,0.18,255.00,0,0
81416,0.00,0.09,254.00,0,0
81447,0.00,0.09,254.00,0,0
81477,0.00,0.09,254.00,0,0
81508,0.00,0.09,254.00,0,0
81539,0.00,0.09,254.00,0,0
81570,0.00,0.09,254.00,0,0
81601,0.00,0.09,254.00,0,0
81632,0.00,0.09,254.00,0,0,0
81662,0.00,0.09,254.00,0,0
81693,0.00,0.09,254.00,0,0,0
81724,0.00,0.09,254.00,0,0
81755,0.00,0.09,254.00,0,0
81786,0.00,0.09,254.00,0,0
81817,0.00,0.09,254.00,0,0
81847,0.00,0.09,254.00,0,0
81878,0.00,0.09,254.00,0,0
81909,0.00,0.09,254.00,0,0
81940,0.00,0.09,254.00,0,0
81971,0.00,0.09,254.00,0,0
82001,0.00,0.09,254.00,0,0
82032,0.00,0.09,254.00,0,0
82063,0.00,0.09,254.00,0,0
82094,0.00,0.09,254.00,0,0
82125,0.00,0.09,254.00,0,0
82156,0.00,0.09,254.00,0,0,0
82186,0.00,0.09,254.00,0,0
82217,0.00,0.00,253.00,0,0,0
82248,0.00,0.00,253.00,0,0
82279,0.00,0.00,253.00,0,0
82310,0.00,0.00,253.00,0,0
82341,0.00,0.00,253.00,0,0
82371,0.00,0.00,253.00,0,0
82402,0.00,0.00,253.00,0,0
82433,0.00,0.00,253.00,0,0
82464,0.00,0.00,253.00,0,0
82495,0.00,0.00,253.00,0,0
82526,0.00,0.00,253.00,0,0
82556,0.00,0.00,253.00,0,0
82587,0.00,0.00,253.00,0,0
82618,0.00,0.00,253.00,0,0,0
82649,0.00,0.09,254.00,0,0
82680,0.00,0.09,254.00,0,0,0
82711,0.00,0.00,253.00,0,0
82741,0.00,0.00,253.00,0,0,0
82772,0.00,0.00,253.00,0,0
82803,0.00,0.09,254.00,0,0
82834,0.00,0.09,254.00,0,0
82865,0.00,0.09,254.00,0,0
82895,0.00,0.09,254.00,0,0
82926,0.00,0.09,254.00,0,0
82957,0.00,0.09,254.00,0,0
82988,0.00,0.09,254.00,0,0
83019,0.00,0.09,254.00,0,0
83050,0.00,0.09,254.00,0,0
83080,0.00,0.09,254.00,0,0
83111,0.00,0.09,254.00,0,0
83142,0.00,0.09,254.00,0,0,0
83173,0.00,0.09,254.00,0,0
83204,0.00,0.09,254.00,0,0,0
83234,0.00,0.09,254.00,0,0
83265,0.00,0.09,254.00,0,0
83296,0.00,0.09,254.00,0,0
83327,0.00,0.09,254.00,0,0
83358,0.00,0.09,254.00,0,0
83389,0.00,0.09,254.00,0,0
83419,0.00,0.09,254.00,0,0
83450,0.00,0.09,254.00,0,0
83481,0.00,0.09,254.00,0,0
83512,0.00,0.09,254.00,0,0
83543,0.00,0.09,254.00,0,0
83574,0.00,0.09,254.00,0,0
83604,0.00,0.09,254.00,0,0
83635,0.00,0.09,254.00,0,0
83666,0.00,0.09,254.00,0,0,0
83697,0.00,0.18,255.00,0,0
83728,0.00,0.18,255.00,0,0,0
83758,0.00,0.18,255.00,0,0
83789,0.00,0.18,255.00,0,0
83820,0.00,0.18,255.00,0,0
83851,0.00,0.18,255.00,0,0
83882,0.00,0.18,255.00,0,0
83913,0.00,0.18,255.00,0,0
83943,0.00,0.18,255.00,0,0
83974,0.00,0.18,255.00,0,0
84005,0.00,0.18,255.00,0,0
84036,0.00,0.18,255.00,0,0
84067,0.00,0.18,255.00,0,0
84097,0.00,0.18,255.00,0,0
84128,0.00,0.26,256.00,0,0
84159,0.00,0.26,256.00,0,0
84190,0.00,0.26,256.00,0,0,0
84221,0.00,0.26,256.00,0,0
84252,0.00,0.26,256.00,0,0,0
84282,0.00,0.26,256.00,0,0
84313,0.00,0.26,256.00,0,0
84344,0.00,0.26,256.00,0,0
84375,0.00,0.26,256.00,0,0
84406,0.00,0.26,256.00,0,0
84437,0.00,0.26,256.00,0,0
84467,0.00,0.18,255.00,0,0
84498,0.00,0.18,255.00,0,0
84529,0.00,0.18,255.00,0,0
84560,0.00,0.18,255.00,0,0
84591,0.00,0.18,255.00,0,0
84621,0.00,0.18,255.00,0,0
84652,0.00,0.18,255.00,0,0,0
84683,0.00,0.18,255.00,0,0
84714,0.00,0.18,255.00,0,0,0
84745,0.00,0.18,255.00,0,0
84776,0.00,0.18,255.00,0,0,0
84806,0.00,0.18,255.00,0,0
84837,0.00,0.18,255.00,0,0
84868,0.00,0.18,255.00,0,0
84899,0.00,0.26,256.00,0,0
84930,0.00,0.18,255.00,0,0
84961,0.00,0.18,255.00,0,0
84991,0.00,0.18,255.00,0,0
85022,0.00,0.18,255.00,0,0
85053,0.00,0.18,255.00,0,0
85084,0.00,0.18,255.00,0,0
85115,0.00,0.18,255.00,0,0
85145,0.00,0.18,255.00,0,0
85176,0.00,0.18,255.00,0,0,0
85207,0.00,0.18,255.00,0,0
85238,0.00,0.18,255.00,0,0,0
85269,0.00,0.18,255.00,0,0
85300,0.00,0.26,256.00,0,0
85330,0.00,0.26,256.00,0,0
85361,0.00,0.26,256.00,0,0
85392,0.00,0.26,256.00,0,0
85423,0.00,0.26,256.00,0,0
85454,0.00,0.18,255.00,0,0
85485,0.00,0.18,255.00,0,0
85515,0.00,0.18,255.00,0,0
85546,0.00,0.18,255.00,0,0
85577,0.00,0.18,255.00,0,0
85608,0.00,0.18,255.00,0,0
85639,0.00,0.18,255.00,0,0
85669,0.00,0.18,255.00,0,0
85700,0.00,0.18,255.00,0,0,0
85731,0.00,0.18,255.00,0,0
85762,0.00,0.18,255.00,0,0,0
85793,0.00,0.18,255.00,0,0
85824,0.00,0.18,255.00,0,0
85854,0.00,0.18,255.00,0,0
85885,0.00,0.18,255.00,0,0
85916,0.00,0.18,255.00,0,0
85947,0.00,0.18,255.00,0,0
85978,0.00,0.18,255.00,0,0
86009,0.00,0.18,255.00,0,0
86039,0.00,0.18,255.00,0,0
86070,0.00,0.18,255.00,0,0
86101,0.00,0.18,255.00,0,0
86132,0.00,0.18,255.00,0,0
86163,0.00,0.18,255.00,0,0
86193,0.00,0.18,255.00,0,0
86224,0.00,0.18,255.00,0,0,0
86255,0.00,0.18,255.00,0,0
86286,0.00,0.18,255.00,0,0
86317,0.00,0.18,255.00,0,0
86348,0.00,0.18,255.00,0,0
86378,0.00,0.18,255.00,0,0
86409,0.00,0.18,255.00,0,0
86440,0.00,0.18,255.00,0,0
86471,0.00,0.18,255.00,0,0
86502,0.00,0.18,255.00,0,0
86533,0.00,0.18,255.00,0,0
86563,0.00,0.18,255.00,0,0
86594,0.00,0.18,255.00,0,0
86625,0.00,0.18,255.00,0,0
86656,0.00,0.18,255.00,0,0
86687,0.00,0.18,255.00,0,0,0
86718,0.00,0.18,255.00,0,0
86748,0.00,0.18,255.00,0,0,0
86779,0.00,0.18,255.00,0,0
86810,0.00,0.18,255.00,0,0,0
86841,0.00,0.18,255.00,0,0
86872,0.00,0.18,255.00,0,0
86902,0.00,0.18,255.00,0,0
86933,0.00,0.18,255.00,0,0
86964,0.00,0.18,255.00,0,0
86995,0.00,0.18,255.00,0,0
87026,0.00,0.18,255.00,0,0
87057,0.00,0.09,254.00,0,0
87087,0.00,0.09,254.00,0,0
87118,0.00,0.09,254.00,0,0
87149,0.00,0.09,254.00,0,0
87180,0.00,0.09,254.00,0,0
87211,0.00,0.09,254.00,0,0,0
87242,0.00,0.09,254.00,0,0
87272,0.00,0.09,254.00,0,0,0
87303,0.00,0.09,254.00,0,0
87334,0.00,0.09,254.00,0,0
87365,0.00,0.09,254.00,0,0
87396,0.00,0.09,254.00,0,0
87427,0.00,0.09,254.00,0,0
87457,0.00,0.09,254.00,0,0
87488,0.00,0.09,254.00,0,0
87519,0.00,0.09,254.00,0,0
87550,0.00,0.09,254.00,0,0
87581,0.00,0.09,254.00,0,0
87612,0.00,0.09,254.00,0,0
87642,0.00,0.09,254.00,0,0
87673,0.00,0.09,254.00,0,0
87704,0.00,0.09,254.00,0,0
87735,0.00,0.09,254.00,0,0,0
87766,0.00,0.09,254.00,0,0
87796,0.00,0.09,254.00,0,0,0
87827,0.00,0.09,254.00,0,0
87858,0.00,0.09,254.00,0,0
87889,0.00,0.09,254.00,0,0
87920,0.00,0.09,254.00,0,0
87951,0.00,0.09,254.00,0,0
87981,0.00,0.09,254.00,0,0
88012,0.00,0.09,254.00,0,0
88043,0.00,0.09,254.00,0,0
88074,0.00,0.00,253.00,0,0
88105,0.00,0.00,253.00,0,0
88136,0.00,0.00,253.00,0,0
88166,0.00,0.00,253.00,0,0
88197,0.00,0.00,253.00,0,0,0
88228,0.00,0.00,253.00,0,0
88259,0.00,0.00,253.00,0,0,0
88290,0.00,0.00,253.00,0,0
88321,0.00,0.00,253.00,0,0,0
88351,0.00,0.00,253.00,0,0
88382,0.00,0.00,253.00,0,0
88413,0.00,0.00,253.00,0,0
88444,0.00,0.00,253.00,0,0
88475,0.00,0.00,253.00,0,0
88506,0.00,0.00,253.00,0,0
88536,0.00,0.00,253.00,0,0
88567,0.00,0.00,253.00,0,0
88598,0.00,0.00,253.00,0,0
88629,0.00,0.00,253.00,0,0
88660,0.00,0.00,253.00,0,0
88691,0.00,0.00,253.00,0,0
88721,0.00,0.00,253.00,0,0,0
88752,0.00,0.00,253.00,0,0
88783,0.00,0.00,253.00,0,0,0
88814,0.00,0.00,253.00,0,0
88845,0.00,0.00,253.00,0,0
88876,0.00,0.00,253.00,0,0
88906,0.00,0.00,253.00,0,0
88937,0.00,0.00,253.00,0,0
88968,0.00,0.00,253.00,0,0
88999,0.00,0.00,253.00,0,0
89030,0.00,0.00,253.00,0,0
89060,0.00,0.00,253.00,0,0
89091,0.00,0.00,253.00,0,0
89122,0.00,0.00,253.00,0,0
89153,0.00,0.00,253.00,0,0
89184,0.00,0.00,253.00,0,0
89215,0.00,0.00,253.00,0,0
89245,0.00,0.00,253.00,0,0,0
89276,0.00,0.00,253.00,0,0
89307,0.00,0.00,253.00,0,0,0
89338,0.00,0.00,253.00,0,0
89369,0.00,0.00,253.00,0,0
89400,0.00,0.00,253.00,0,0
89430,0.00,0.00,253.00,0,0
89461,0.00,0.00,253.00,0,0
89492,0.00,0.00,253.00,0,0
89523,0.00,0.00,253.00,0,0
89554,0.00,0.00,253.00,0,0
89585,0.00,0.00,253.00,0,0
89615,0.00,0.00,253.00,0,0
89646,0.00,0.00,253.00,0,0
89677,0.00,0.00,253.00,0,0
89708,0.00,0.00,253.00,0,0
89739,0.00,0.00,253.00,0,0
89770,0.00,0.00,253.00,0,0,0
89800,0.00,0.00,253.00,0,0
89831,0.00,0.00,253.00,0,0,0
89862,0.00,0.00,253.00,0,0
89893,0.00,0.00,253.00,0,0
89924,0.00,0.00,253.00,0,0
89955,0.00,0.00,253.00,0,0
89985,0.00,0.00,253.00,0,0
90016,0.00,0.00,253.00,0,0
90047,0.00,0.00,253.00,0,0
90078,0.00,0.00,253.00,0,0
90109,0.00,0.00,253.00,0,0
90140,0.00,-0.09,252.00,0,0
90170,0.00,-0.09,252.00,0,0
90201,0.00,-0.09,252.00,0,0
90232,0.00,-0.09,252.00,0,0,0
90263,0.00,-0.09,252.00,0,0
90294,0.00,-0.09,252.00,0,0
90325,0.00,-0.09,252.00,0,0
90356,0.00,-0.09,252.00,0,0
90387,0.00,-0.09,252.00,0,0
90418,0.00,-0.09,252.00,0,0
90449,0.00,0.00,253.00,0,0
90480,0.00,0.00,253.00,0,0
90510,0.00,0.00,253.00,0,0
90541,0.00,0.00,253.00,0,0
90572,0.00,0.00,253.00,0,0
90603,0.00,0.00,253.00,0,0
90634,0.00,0.00,253.00,0,0
90665,0.00,0.00,253.00,0,0
90695,0.00,0.00,253.00,0,0,0
90726,0.00,0.00,253.00,0,0
90757,0.00,0.00,253.00,0,0,0
90788,0.00,0.00,253.00,0,0
90819,0.00,0.00,253.00,0,0
90850,0.00,0.00,253.00,0,0
90880,0.00,0.00,253.00,0,0
90911,0.00,0.00,253.00,0,0
90942,0.00,0.00,253.00,0,0
90973,0.00,0.00,253.00,0,0
91004,0.00,0.00,253.00,0,0
91035,0.00,0.00,253.00,0,0
91065,0.00,0.00,253.00,0,0
91096,0.00,0.00,253.00,0,0
91127,0.00,0.00,253.00,0,0
91158,0.00,0.00,253.00,0,0
91189,0.00,0.00,253.00,0,0
91220,0.00,0.00,253.00,0,0,0
91250,0.00,0.00,253.00,0,0
91281,0.00,0.00,253.00,0,0,0
91312,0.00,0.00,253.00,0,0
91343,0.00,0.00,253.00,0,0
91374,0.00,0.00,253.00,0,0
91405,0.00,0.00,253.00,0,0
91435,0.00,0.00,253.00,0,0
91466,0.00,0.00,253.00,0,0
91497,0.00,0.00,253.00,0,0
91528,0.00,0.00,253.00,0,0
91559,0.00,0.00,253.00,0,0
91590,0.00,0.00,253.00,0,0
91620,0.00,0.00,253.00,0,0
91651,0.00,0.00,253.00,0,0
91682,0.00,0.00,253.00,0,0,0
91713,0.00,0.00,253.00,0,0
91744,0.00,0.00,253.00,0,0,0
91775,0.00,0.00,253.00,0,0
91805,0.00,0.00,253.00,0,0
91836,0.00,0.00,253.00,0,0
91867,0.00,0.00,253.00,0,0
91898,0.00,0.00,253.00,0,0
91929,0.00,0.00,253.00,0,0
91960,0.00,0.00,253.00,0,0
91990,0.00,0.00,253.00,0,0
92021,0.00,0.00,253.00,0,0
92052,0.00,0.00,253.00,0,0
92083,0.00,0.00,253.00,0,0
92114,0.00,0.00,253.00,0,0
92144,0.00,0.00,253.00,0,0
92175,0.00,0.00,253.00,0,0
92206,0.00,0.00,253.00,0,0,0
92237,0.00,0.00,253.00,0,0
92268,0.00,0.00,253.00,0,0,0
92299,0.00,0.00,253.00,0,0
92329,0.00,0.00,253.00,0,0
92360,0.00,0.00,253.00,0,0
92391,0.00,0.00,253.00,0,0
92422,0.00,0.00,253.00,0,0
92453,0.00,0.00,253.00,0,0
92484,0.00,0.00,253.00,0,0
92514,0.00,0.00,253.00,0,0
92545,0.00,0.00,253.00,0,0
92576,0.00,0.00,253.00,0,0
92607,0.00,0.00,253.00,0,0
92638,0.00,0.00,253.00,0,0
92669,0.00,0.00,253.00,0,0
92699,0.00,0.00,253.00,0,0
92730,0.00,0.00,253.00,0,0,0
92761,0.00,0.00,253.00,0,0
92792,0.00,0.00,253.00,0,0,0
92823,0.00,0.00,253.00,0,0
92854,0.00,0.00,253.00,0,0
92884,0.00,0.00,253.00,0,0
92915,0.00,0.00,253.00,0,0
92946,0.00,0.00,253.00,0,0
92977,0.00,0.00,253.00,0,0
93008,0.00,0.00,253.00,0,0
93039,0.00,0.00,253.00,0,0
93069,0.00,0.00,253.00,0,0
93100,0.00,0.09,254.00,0,0
93131,0.00,0.09,254.00,0,0
93162,0.00,0.09,254.00,0,0
93193,0.00,0.09,254.00,0,0,0
93223,0.00,0.09,254.00,0,0
93254,0.00,0.09,254.00,0,0,0
93285,0.00,0.09,254.00,0,0
93316,0.00,0.09,254.00,0,0,0
93347,0.00,0.09,254.00,0,0
93378,0.00,0.09,254.00,0,0
93408,0.00,0.09,254.00,0,0
93439,0.00,0.09,254.00,0,0
93470,0.00,0.09,254.00,0,0
93501,0.00,0.09,254.00,0,0
93532,0.00,0.09,254.00,0,0
93563,0.00,0.09,254.00,0,0
93593,0.00,0.09,254.00,0,0
93624,0.00,0.09,254.00,0,0
93655,0.00,0.09,254.00,0,0
93686,0.00,0.09,254.00,0,0
93717,0.00,0.09,254.00,0,0,0
93748,0.00,0.09,254.00,0,0
93778,0.00,0.09,254.00,0,0,0
93809,0.00,0.09,254.00,0,0
93840,0.00,0.09,254.00,0,0
93871,0.00,0.09,254.00,0,0
93902,0.00,0.09,254.00,0,0
93933,0.00,0.09,254.00,0,0
93963,0.00,0.09,254.00,0,0
93994,0.00,0.09,254.00,0,0
94025,0.00,0.09,254.00,0,0
94056,0.00,0.09,254.00,0,0
94087,0.00,0.09,254.00,0,0
94118,0.00,0.09,254.00,0,0
94148,0.00,0.09,254.00,0,0
94179,0.00,0.09,254.00,0,0
94210,0.00,0.09,254.00,0,0
94241,0.00,0.09,254.00,0,0,0
94272,0.00,0.09,254.00,0,0
94303,0.00,0.09,254.00,0,0,0
94333,0.00,0.09,254.00,0,0
94364,0.00,0.09,254.00,0,0
94395,0.00,0.09,254.00,0,0
94426,0.00,0.09,254.00,0,0
94457,0.00,0.09,254.00,0,0
94488,0.00,0.09,254.00,0,0
94518,0.00,0.09,254.00,0,0
94549,0.00,0.09,254.00,0,0
94580,0.00,0.09,254.00,0,0
94611,0.00,0.09,254.00,0,0
94642,0.00,0.09,254.00,0,0
94672,0.00,0.09,254.00,0,0
94703,0.00,0.09,254.00,0,0,0
94734,0.00,0.09,254.00,0,0
94765,0.00,0.09,254.00,0,0,0
94796,0.00,0.09,254.00,0,0
94827,0.00,0.09,254.00,0,0,0
94857,0.00,0.09,254.00,0,0
94888,0.00,0.09,254.00,0,0
94919,0.00,0.09,254.00,0,0
94950,0.00,0.09,254.00,0,0
94981,0.00,0.09,254.00,0,0
95012,0.00,0.09,254.00,0,0
95042,0.00,0.09,254.00,0,0
95073,0.00,0.09,254.00,0,0
95104,0.00,0.09,254.00,0,0
95135,0.00,0.09,254.00,0,0
95166,0.00,0.09,254.00,0,0
95197,0.00,0.09,254.00,0,0
95227,0.00,0.09,254.00,0,0,0
95258,0.00,0.09,254.00,0,0
95289,0.00,0.09,254.00,0,0,0
95320,0.00,0.09,254.00,0,0
95351,0.00,0.09,254.00,0,0
95382,0.00,0.09,254.00,0,0
95412,0.00,0.09,254.00,0,0
95443,0.00,0.09,254.00,0,0
95474,0.00,0.09,254.00,0,0
95505,0.00,0.09,254.00,0,0
95536,0.00,0.09,254.00,0,0
95567,0.00,0.09,254.00,0,0
95597,0.00,0.09,254.00,0,0
95628,0.00,0.09,254.00,0,0
95659,0.00,0.09,254.00,0,0
95690,0.00,0.09,254.00,0,0
95721,0.00,0.09,254.00,0,0
95752,0.00,0.09,254.00,0,0,0
95782,0.00,0.09,254.00,0,0
95813,0.00,0.09,254.00,0,0,0
95844,0.00,0.09,254.00,0,0
95875,0.00,0.09,254.00,0,0
95906,0.00,0.09,254.00,0,0
95937,0.00,0.09,254.00,0,0
95967,0.00,0.09,254.00,0,0
95998,0.00,0.09,254.00,0,0
96029,0.00,0.09,254.00,0,0
96060,0.00,0.09,254.00,0,0
96091,0.00,0.09,254.00,0,0
96122,0.00,0.09,254.00,0,0
96152,0.00,0.09,254.00,0,0
96183,0.00,0.09,254.00,0,0
96214,0.00,0.00,253.00,0,0,0
96245,0.00,0.00,253.00,0,0
96276,0.00,0.00,253.00,0,0,0
96307,0.00,0.00,253.00,0,0
96337,0.00,0.00,253.00,0,0
96368,0.00,0.00,253.00,0,0
96399,0.00,0.00,253.00,0,0
96430,0.00,0.00,253.00,0,0
96461,0.00,0.00,253.00,0,0
96492,0.00,0.00,253.00,0,0
96522,0.00,0.00,253.00,0,0
96553,0.00,0.00,253.00,0,0
96584,0.00,0.00,253.00,0,0
96615,0.00,0.00,253.00,0,0
96646,0.00,0.00,253.00,0,0
96677,0.00,0.00,253.00,0,0
96707,0.00,0.00,253.00,0,0
96738,0.00,0.00,253.00,0,0,0
96769,0.00,0.00,253.00,0,0
96800,0.00,0.00,253.00,0,0,0
96831,0.00,0.00,253.00,0,0
96862,0.00,0.00,253.00,0,0
96892,0.00,0.00,253.00,0,0
96923,0.00,0.00,253.00,0,0
96954,0.00,0.00,253.00,0,0
96985,0.00,0.09,254.00,0,0
97016,0.00,0.09,254.00,0,0
97047,0.00,0.09,254.00,0,0
97077,0.00,0.09,254.00,0,0
97108,0.00,0.09,254.00,0,0
97139,0.00,0.09,254.00,0,0
97170,0.00,0.09,254.00,0,0
97201,0.00,0.09,254.00,0,0
97232,0.00,0.09,254.00,0,0
97262,0.00,0.09,254.00,0,0,0
97293,0.00,0.09,254.00,0,0
97324,0.00,0.09,254.00,0,0,0
97355,0.00,0.09,254.00,0,0
97386,0.00,0.09,254.00,0,0
97416,0.00,0.09,254.00,0,0
97447,0.00,0.09,254.00,0,0
97478,0.00,0.09,254.00,0,0
97509,0.00,0.09,254.00,0,0
97540,0.00,0.09,254.00,0,0
97571,0.00,0.09,254.00,0,0
97601,0.00,0.09,254.00,0,0
97632,0.00,0.09,254.00,0,0
97663,0.00,0.09,254.00,0,0
97694,0.00,0.09,254.00,0,0
97725,0.00,0.09,254.00,0,0,0
97756,0.00,0.09,254.00,0,0
97786,0.00,0.09,254.00,0,0,0
97817,0.00,0.09,254.00,0,0
97848,0.00,0.09,254.00,0,0
97879,0.00,0.09,254.00,0,0
97910,0.00,0.09,254.00,0,0
97941,0.00,0.09,254.00,0,0
97971,0.00,0.09,254.00,0,0
98002,0.00,0.09,254.00,0,0
98033,0.00,0.09,254.00,0,0
98064,0.00,0.09,254.00,0,0
98095,0.00,0.18,255.00,0,0
98126,0.00,0.18,255.00,0,0
98156,0.00,0.18,255.00,0,0
98187,0.00,0.18,255.00,0,0
98218,0.00,0.18,255.00,0,0
98249,0.00,0.18,255.00,0,0,0
98280,0.00,0.18,255.00,0,0
98311,0.00,0.18,255.00,0,0,0
98341,0.00,0.18,255.00,0,0
98372,0.00,0.18,255.00,0,0
98403,0.00,0.18,255.00,0,0
98434,0.00,0.18,255.00,0,0
98465,0.00,0.09,254.00,0,0
98496,0.00,0.09,254.00,0,0
98526,0.00,0.09,254.00,0,0
98557,0.00,0.09,254.00,0,0
98588,0.00,0.09,254.00,0,0
98619,0.00,0.09,254.00,0,0
98650,0.00,0.09,254.00,0,0
98681,0.00,0.09,254.00,0,0
98711,0.00,0.09,254.00,0,0
98742,0.00,0.09,254.00,0,0
98773,0.00,0.09,254.00,0,0,0
98804,0.00,0.09,254.00,0,0
98835,0.00,0.09,254.00,0,0,0
98866,0.00,0.09,254.00,0,0
98896,0.00,0.09,254.00,0,0
98927,0.00,0.09,254.00,0,0
98958,0.00,0.09,254.00,0,0
98989,0.00,0.09,254.00,0,0
99020,0.00,0.09,254.00,0,0
99050,0.00,0.09,254.00,0,0
99081,0.00,0.09,254.00,0,0
99112,0.00,0.09,254.00,0,0
99143,0.00,0.09,254.00,0,0
99174,0.00,0.09,254.00,0,0
99205,0.00,0.09,254.00,0,0
99235,0.00,0.09,254.00,0,0,0
99266,0.00,0.09,254.00,0,0
99297,0.00,0.09,254.00,0,0,0
99328,0.00,0.09,254.00,0,0
99359,0.00,0.09,254.00,0,0
99390,0.00,0.09,254.00,0,0
99420,0.00,0.09,254.00,0,0
99451,0.00,0.09,254.00,0,0
99482,0.00,0.09,254.00,0,0
99513,0.00,0.09,254.00,0,0
99544,0.00,0.09,254.00,0,0
99575,0.00,0.09,254.00,0,0
99605,0.00,0.09,254.00,0,0
99636,0.00,0.09,254.00,0,0
99667,0.00,0.09,254.00,0,0
99698,0.00,0.09,254.00,0,0
99729,0.00,0.09,254.00,0,0
99760,0.00,0.09,254.00,0,0,0
99790,0.00,0.09,254.00,0,0
99821,0.00,0.09,254.00,0,0,0
99852,0.00,0.09,254.00,0,0
99883,0.00,0.09,254.00,0,0
99914,0.00,0.09,254.00,0,0
99945,0.00,0.09,254.00,0,0
99975,0.00,0.09,254.00,0,0
100006,0.00,0.09,254.00,0,0
100037,0.00,0.09,254.00,0,0
100068,0.00,0.09,254.00,0,0
100099,0.00,0.09,254.00,0,0
100130,0.00,0.09,254.00,0,0
100161,0.00,0.09,254.00,0,0
100192,0.00,0.09,254.00,0,0
100223,0.00,0.09,254.00,0,0,0
100254,0.00,0.09,254.00,0,0
100285,0.00,0.09,254.00,0,0
100315,0.00,0.09,254.00,0,0
100346,0.00,0.09,254.00,0,0
100377,0.00,0.09,254.00,0,0
100408,0.00,0.09,254.00,0,0
100439,0.00,0.09,254.00,0,0
100470,0.00,0.09,254.00,0,0
100501,0.00,0.09,254.00,0,0
100532,0.00,0.09,254.00,0,0
100563,0.00,0.09,254.00,0,0
100594,0.00,0.09,254.00,0,0
100625,0.00,0.09,254.00,0,0
100656,0.00,0.09,254.00,0,0
100686,0.00,0.09,254.00,0,0,0
100717,0.00,0.09,254.00,0,0
100748,0.00,0.09,254.00,0,0
100779,0.00,0.09,254.00,0,0
100810,0.00,0.09,254.00,0,0
100841,0.00,0.09,254.00,0,0
100872,0.00,0.09,254.00,0,0
100903,0.00,0.09,254.00,0,0
100934,0.00,0.09,254.00,0,0
100965,0.00,0.09,254.00,0,0
100996,0.00,0.09,254.00,0,0
101027,0.00,0.09,254.00,0,0
101058,0.00,0.09,254.00,0,0
101088,0.00,0.09,254.00,0,0,0
101119,0.00,0.09,254.00,0,0
101150,0.00,0.09,254.00,0,0,0
101181,0.00,0.09,254.00,0,0
101212,0.00,0.09,254.00,0,0
101243,0.00,0.09,254.00,0,0
101274,0.00,0.09,254.00,0,0
101305,0.00,0.09,254.00,0,0
101336,0.00,0.09,254.00,0,0
101367,0.00,0.09,254.00,0,0
101398,0.00,0.09,254.00,0,0
101429,0.00,0.09,254.00,0,0
101460,0.00,0.09,254.00,0,0
101490,0.00,0.09,254.00,0,0
101521,0.00,0.09,254.00,0,0
101552,0.00,0.09,254.00,0,0,0
101583,0.00,0.09,254.00,0,0
101614,0.00,0.09,254.00,0,0
101645,0.00,0.09,254.00,0,0
101676,0.00,0.09,254.00,0,0
101707,0.00,0.09,254.00,0,0
101738,0.00,0.09,254.00,0,0
101769,0.00,0.09,254.00,0,0
101800,0.00,0.09,254.00,0,0
101831,0.00,0.09,254.00,0,0
101862,0.00,0.09,254.00,0,0
101892,0.00,0.09,254.00,0,0
101923,0.00,0.09,254.00,0,0
101954,0.00,0.09,254.00,0,0,0
101985,0.00,0.09,254.00,0,0
102016,0.00,0.09,254.00,0,0,0
102047,0.00,0.09,254.00,0,0
102078,0.00,0.09,254.00,0,0
102109,0.00,0.09,254.00,0,0
102140,0.00,0.09,254.00,0,0
102171,0.00,0.09,254.00,0,0
102202,0.00,0.09,254.00,0,0
102233,0.00,0.09,254.00,0,0
102264,0.00,0.09,254.00,0,0
102295,0.00,0.09,254.00,0,0
102325,0.00,0.09,254.00,0,0
102356,0.00,0.09,254.00,0,0
102387,0.00,0.09,254.00,0,0
102418,0.00,0.09,254.00,0,0,0
102449,0.00,0.09,254.00,0,0
102480,0.00,0.09,254.00,0,0
102511,0.00,0.09,254.00,0,0
102542,0.00,0.09,254.00,0,0
102573,0.00,0.09,254.00,0,0
102604,0.00,0.00,253.00,0,0
102635,0.00,0.00,253.00,0,0
102666,0.00,0.00,253.00,0,0
102697,0.00,0.00,253.00,0,0
102727,0.00,0.00,253.00,0,0
102758,0.00,0.00,253.00,0,0
102789,0.00,0.00,253.00,0,0
102820,0.00,0.00,253.00,0,0
102851,0.00,0.00,253.00,0,0
102882,0.00,0.09,254.00,0,0,0
102913,0.00,0.00,253.00,0,0
102944,0.00,0.00,253.00,0,0
102975,0.00,0.09,254.00,0,0
103006,0.00,0.00,253.00,0,0
103037,0.00,0.00,253.00,0,0
103068,0.00,0.00,253.00,0,0
103099,0.00,0.00,253.00,0,0
103129,0.00,0.00,253.00,0,0
103160,0.00,0.00,253.00,0,0
103191,0.00,0.00,253.00,0,0
103222,0.00,0.00,253.00,0,0
103253,0.00,0.00,253.00,0,0
103284,0.00,0.00,253.00,0,0,0
103315,0.00,0.00,253.00,0,0
103346,0.00,0.00,253.00,0,0
103377,0.00,0.00,253.00,0,0
103408,0.00,0.00,253.00,0,0
103439,0.00,0.00,253.00,0,0
103470,0.00,0.00,253.00,0,0
103501,0.00,0.00,253.00,0,0
103532,0.00,0.00,253.00,0,0
103562,0.00,0.00,253.00,0,0
103593,0.00,0.00,253.00,0,0
103624,0.00,0.00,253.00,0,0
103655,0.00,0.00,253.00,0,0
103686,0.00,0.00,253.00,0,0
103717,0.00,0.00,253.00,0,0
103748,0.00,0.00,253.00,0,0,0
103779,0.00,0.00,253.00,0,0
103810,0.00,0.00,253.00,0,0
103841,0.00,0.00,253.00,0,0
103872,0.00,0.00,253.00,0,0
103903,0.00,0.00,253.00,0,0
103934,0.00,0.00,253.00,0,0
103964,0.00,0.00,253.00,0,0
103995,0.00,0.00,253.00,0,0
104026,0.00,0.00,253.00,0,0
104057,0.00,0.00,253.00,0,0
104088,0.00,0.00,253.00,0,0
104119,0.00,0.00,253.00,0,0
104150,0.00,0.00,253.00,0,0,0
104181,0.00,-0.09,252.00,0,0
104212,0.00,-0.09,252.00,0,0
104243,0.00,-0.09,252.00,0,0
104274,0.00,-0.09,252.00,0,0
104305,0.00,-0.09,252.00,0,0
104336,0.00,-0.09,252.00,0,0
104367,0.00,-0.09,252.00,0,0
104398,0.00,-0.09,252.00,0,0
104429,0.00,-0.09,252.00,0,0
104459,0.00,-0.09,252.00,0,0
104490,0.00,-0.09,252.00,0,0
104521,0.00,-0.09,252.00,0,0
104552,0.00,-0.18,251.00,0,0
104583,0.00,-0.18,251.00,0,0
104614,0.00,-0.18,251.00,0,0
104645,0.00,-0.18,251.00,0,0
104676,0.00,-0.18,251.00,0,0
104707,0.00,-0.18,251.00,0,0
104738,0.00,-0.18,251.00,0,0
104769,0.00,-0.18,251.00,0,0,0
104800,0.00,-0.18,251.00,0,0
104831,0.00,-0.18,251.00,0,0
104862,0.00,-0.18,251.00,0,0
104893,0.00,-0.18,251.00,0,0
104923,0.00,-0.18,251.00,0,0
104954,0.00,-0.18,251.00,0,0
104985,0.00,-0.18,251.00,0,0
105016,0.00,-0.18,251.00,0,0
105047,0.00,-0.18,251.00,0,0,0
105078,0.00,-0.18,251.00,0,0
105109,0.00,-0.18,251.00,0,0
105140,0.00,-0.18,251.00,0,0
105171,0.00,-0.18,251.00,0,0
105202,0.00,-0.18,251.00,0,0
105233,0.00,-0.18,251.00,0,0
105264,0.00,-0.18,251.00,0,0
105295,0.00,-0.18,251.00,0,0
105326,0.00,-0.26,250.00,0,0
105356,0.00,-0.26,250.00,0,0
105387,0.00,-0.26,250.00,0,0
105418,0.00,-0.26,250.00,0,0
105449,0.00,-0.26,250.00,0,0
105480,0.00,-0.26,250.00,0,0
105511,0.00,-0.26,250.00,0,0
105542,0.00,-0.26,250.00,0,0
105573,0.00,-0.26,250.00,0,0
105604,0.00,-0.26,250.00,0,0
105635,0.00,-0.26,250.00,0,0
105666,0.00,-0.26,250.00,0,0,0
105697,0.00,-0.26,250.00,0,0
105728,0.00,-0.26,250.00,0,0
105760,0.00,-0.26,250.00,0,0
105791,0.00,-0.26,250.00,0,0
105822,0.00,-0.26,250.00,0,0
105853,0.00,-0.26,250.00,0,0
105885,0.00,-0.26,250.00,0,0
105916,0.00,-0.26,250.00,0,0
105947,0.00,-0.26,250.00,0,0,0
105978,0.00,-0.26,250.00,0,0
106010,0.00,-0.26,250.00,0,0
106041,0.00,-0.26,250.00,0,0
106072,0.00,-0.26,250.00,0,0
106103,0.00,-0.18,251.00,0,0
106135,0.00,-0.18,251.00,0,0
106166,0.00,-0.26,250.00,0,0
106197,0.00,-0.26,250.00,0,0
106228,0.00,-0.26,250.00,0,0
106260,0.00,-0.26,250.00,0,0
106291,0.00,-0.26,250.00,0,0
106322,0.00,-0.26,250.00,0,0
106353,0.00,-0.26,250.00,0,0
106385,0.00,-0.26,250.00,0,0
106416,0.00,-0.26,250.00,0,0
106447,0.00,-0.26,250.00,0,0
106478,0.00,-0.26,250.00,0,0
106510,0.00,-0.26,250.00,0,0
106541,0.00,-0.26,250.00,0,0
106572,0.00,-0.26,250.00,0,0,0
106603,0.00,-0.26,250.00,0,0
106635,0.00,-0.26,250.00,0,0
106666,0.00,-0.26,250.00,0,0
106697,0.00,-0.26,250.00,0,0
106728,0.00,-0.26,250.00,0,0
106760,0.00,-0.26,250.00,0,0
106791,0.00,-0.26,250.00,0,0
106822,0.00,-0.26,250.00,0,0
106853,0.00,-0.26,250.00,0,0
106885,0.00,-0.26,250.00,0,0
106916,0.00,-0.18,251.00,0,0
106947,0.00,-0.18,251.00,0,0
106978,0.00,-0.18,251.00,0,0
107010,0.00,-0.18,251.00,0,0
107041,0.00,-0.18,251.00,0,0
107072,0.00,-0.18,251.00,0,0
107103,0.00,-0.18,251.00,0,0
107135,0.00,-0.18,251.00,0,0
107166,0.00,-0.18,251.00,0,0
107197,0.00,-0.18,251.00,0,0
107228,0.00,-0.18,251.00,0,0
107260,0.00,-0.18,251.00,0,0
107291,0.00,-0.18,251.00,0,0
107322,0.00,-0.26,250.00,0,0
107353,0.00,-0.26,250.00,0,0
107385,0.00,-0.26,250.00,0,0
107416,0.00,-0.26,250.00,0,0
107447,0.00,-0.26,250.00,0,0
107478,0.00,-0.26,250.00,0,0,0
107510,0.00,-0.26,250.00,0,0
107541,0.00,-0.26,250.00,0,0
107572,0.00,-0.26,250.00,0,0
107603,0.00,-0.26,250.00,0,0
107635,0.00,-0.18,251.00,0,0
107666,0.00,-0.18,251.00,0,0
107697,0.00,-0.18,251.00,0,0
107728,0.00,-0.18,251.00,0,0
107760,0.00,-0.18,251.00,0,0
107791,0.00,-0.18,251.00,0,0
107822,0.00,-0.18,251.00,0,0
107853,0.00,-0.18,251.00,0,0
107885,0.00,-0.18,251.00,0,0
107916,0.00,-0.18,251.00,0,0
107947,0.00,-0.18,251.00,0,0
107978,0.00,-0.18,251.00,0,0
108010,0.00,-0.18,251.00,0,0
108041,0.00,-0.18,251.00,0,0
108072,0.00,-0.18,251.00,0,0
108103,0.00,-0.18,251.00,0,0
108135,0.00,-0.18,251.00,0,0
108166,0.00,-0.09,252.00,0,0
108197,0.00,-0.09,252.00,0,0
108228,0.00,-0.09,252.00,0,0
108260,0.00,-0.09,252.00,0,0
108291,0.00,-0.09,252.00,0,0
108322,0.00,-0.18,251.00,0,0
108353,0.00,-0.18,251.00,0,0
108385,0.00,-0.18,251.00,0,0,0
108416,0.00,-0.18,251.00,0,0
108447,0.00,-0.18,251.00,0,0
108478,0.00,-0.18,251.00,0,0
108510,0.00,-0.18,251.00,0,0
108541,0.00,-0.18,251.00,0,0
108572,0.00,-0.18,251.00,0,0
108603,0.00,-0.18,251.00,0,0
108635,0.00,-0.18,251.00,0,0
108666,0.00,-0.18,251.00,0,0
108697,0.00,-0.18,251.00,0,0
108728,0.00,-0.18,251.00,0,0
108760,0.00,-0.18,251.00,0,0
108791,0.00,-0.18,251.00,0,0
108822,0.00,-0.09,252.00,0,0
108853,0.00,-0.09,252.00,0,0
108885,0.00,-0.09,252.00,0,0
108916,0.00,-0.09,252.00,0,0
108947,0.00,-0.09,252.00,0,0
108978,0.00,-0.09,252.00,0,0
109010,0.00,-0.09,252.00,0,0,0
109041,0.00,-0.09,252.00,0,0
109072,0.00,-0.09,252.00,0,0
109103,0.00,-0.09,252.00,0,0
109135,0.00,-0.09,252.00,0,0
109166,0.00,-0.18,251.00,0,0
109197,0.00,-0.18,251.00,0,0
109228,0.00,-0.18,251.00,0,0
109260,0.00,-0.18,251.00,0,0
109291,0.00,-0.18,251.00,0,0,0
109322,0.00,-0.18,251.00,0,0
109353,0.00,-0.18,251.00,0,0
109385,0.00,-0.18,251.00,0,0
109416,0.00,-0.18,251.00,0,0
109447,0.00,-0.18,251.00,0,0
109478,0.00,-0.18,251.00,0,0
109510,0.00,-0.18,251.00,0,0
109541,0.00,-0.18,251.00,0,0
109572,0.00,-0.18,251.00,0,0
109603,0.00,-0.18,251.00,0,0
109635,0.00,-0.18,251.00,0,0
109666,0.00,-0.18,251.00,0,0
109697,0.00,-0.18,251.00,0,0
109728,0.00,-0.18,251.00,0,0
109760,0.00,-0.18,251.00,0,0
109791,0.00,-0.18,251.00,0,0
109822,0.00,-0.18,251.00,0,0
109853,0.00,-0.18,251.00,0,0
109885,0.00,-0.18,251.00,0,0
109916,0.00,-0.18,251.00,0,0,0
109947,0.00,-0.18,251.00,0,0
109978,0.00,-0.18,251.00,0,0
110010,0.00,-0.18,251.00,0,0
110041,0.00,-0.18,251.00,0,0
110072,0.00,-0.09,252.00,0,0
110103,0.00,-0.09,252.00,0,0
110135,0.00,-0.09,252.00,0,0
110166,0.00,-0.09,252.00,0,0
110197,0.00,-0.09,252.00,0,0,0
